{
    "predict_bleu-4": 20.02385253333333,
    "predict_model_preparation_time": 0.0059,
    "predict_rouge-1": 31.381285000000002,
    "predict_rouge-2": 16.50505933333333,
    "predict_rouge-l": 24.474588333333333,
    "predict_runtime": 5142.8995,
    "predict_samples_per_second": 0.292,
    "predict_steps_per_second": 0.292
}